customer_id,customer_name,age,gender,location
C0001,Dave Young,30,Male,Lake Joshua
C0002,Kayla Thomas,29,Female,Nicholastown
C0003,James Fuller,44,Male,Lambertside
C0004,Brian Caldwell PhD,44,Female,Sosaborough
C0005,Mary Carter,25,Female,Jasonfort
C0006,Craig Henson,55,Male,Mejiaport
C0007,Wanda Knapp,28,Male,West Jessicahaven
C0008,Cynthia Thornton,33,Male,Rodgersmouth
C0009,Sarah Bush,47,Male,East Christopher
C0010,Lonnie Rivas,37,Male,South Jesseburgh
C0011,Penny Matthews,29,Female,New Tyler
C0012,Vincent Fernandez,54,Male,Kellieborough
C0013,Sylvia Beard,40,Male,Steventown
C0014,Derrick Vang,48,Female,West Todd
C0015,Janet Sanchez,22,Female,Michaelmouth
C0016,Matthew Smith,53,Male,Hallview
C0017,Joseph Wells,54,Female,Caseyborough
C0018,Caleb Smith,45,Female,Joneshaven
C0019,Amanda Stephens,33,Male,Lucasland
C0020,Angela Matthews,26,Male,New Lawrencechester
C0021,Isaac Stephens PhD,39,Male,Doughertyhaven
C0022,Sharon Lopez,60,Female,Curryside
C0023,Paul Shah,44,Male,New Kenneth
C0024,Victor Collins,19,Male,South Jillmouth
C0025,Jacob Williams,25,Female,Kimview
C0026,Sarah Romero,28,Female,Lake Maurice
C0027,Caleb Yates,52,Male,Lauraside
C0028,Ryan Kim,52,Female,Briannaland
C0029,Mary Clark,59,Female,Port Jesusborough
C0030,Stacey Smith,34,Female,Barnesshire
C0031,Elizabeth Hamilton,39,Male,Gibbsville
C0032,Melanie Foster,59,Male,Nicoleside
C0033,Robert Richardson DDS,54,Female,New Mistytown
C0034,Patrick Lopez,48,Male,Port Melody
C0035,William Taylor,31,Female,North James
C0036,Frank Rodriguez,33,Male,Port Ashley
C0037,Misty Chavez,55,Female,Port Nicoleville
C0038,Eddie Medina,54,Female,Port Tinastad
C0039,Alyssa Friedman,27,Female,Stephenstad
C0040,Ian Brown,50,Female,Marcushaven
C0041,Curtis Rogers,20,Female,Kelleystad
C0042,George Jones,39,Male,North John
C0043,Sydney Gibson,56,Male,Port Keithtown
C0044,Christopher Welch,24,Female,Thomasfurt
C0045,Robert Frazier,31,Female,Charlesborough
C0046,Austin Jenkins,31,Female,New Dwayne
C0047,Brooke Odom,29,Male,South Angelashire
C0048,Lacey Collier,24,Male,Dawnberg
C0049,Jeffrey Potts,36,Female,West Michaelburgh
C0050,Caroline Clark,61,Female,Victoriastad
C0051,Jacqueline Whitney,52,Male,Johnstonport
C0052,Robin Werner,46,Female,Lake Alexa
C0053,Christopher Green,22,Female,Johnfort
C0054,Brad Bryant,30,Female,North Johnland
C0055,Nancy Foster,26,Male,Laurenmouth
C0056,Ronald Jacobs,32,Male,Monicaton
C0057,Alexis Cruz,41,Male,West Paulview
C0058,Rodney Berry,37,Female,Robertotown
C0059,Samantha Brown,24,Male,Dukeport
C0060,Rebecca Reed,39,Female,Scottborough
C0061,Amanda Keller,24,Male,South Lisaton
C0062,Sarah Gonzalez,23,Female,South Emily
C0063,Catherine Rogers,25,Male,Lake Jeremiah
C0064,Jessica Martin,47,Male,Randallstad
C0065,Brent Moreno,27,Male,Lake Lori
C0066,Marie Owens,25,Male,Maldonadobury
C0067,Ethan Franklin,36,Female,West Cathy
C0068,Kenneth Roman,20,Male,Amberland
C0069,Catherine Young,59,Female,Port Mike
C0070,Jon Rush,37,Male,South Susan
C0071,Bryan Henry,36,Female,West Johnside
C0072,Julie Williamson,28,Male,West Todd
C0073,Todd Johnson,53,Female,Lake Richardhaven
C0074,Dylan Molina,28,Male,New Jonathanberg
C0075,Jamie Fields,18,Female,Bradfordstad
C0076,Ryan Nash,49,Female,Brittanytown
C0077,Joshua Hernandez,62,Male,Johnsonport
C0078,Leroy Smith,26,Male,Tonyaside
C0079,Laura Smith,29,Male,Vaughnmouth
C0080,Patrick Hardin,63,Male,Anthonyborough
C0081,Phyllis Smith,36,Male,Bensonfurt
C0082,Thomas Brown,34,Male,Lake Jamesview
C0083,Gary Bass,63,Male,West Brandonton
C0084,Brian Martinez,44,Male,North Amandatown
C0085,William Martin,23,Female,Jessestad
C0086,Danny Ross,29,Female,Donaldview
C0087,Richard Robinson,28,Female,Lake Joelmouth
C0088,Nicholas Carlson,29,Female,North Jamesburgh
C0089,Michael Jacobs,33,Male,Levymouth
C0090,Mary Santiago,57,Male,East Kurt
C0091,Jessica Meadows,29,Male,South Charles
C0092,Sandra Velez,59,Female,Lake Cherylshire
C0093,Timothy Humphrey,18,Female,Mitchellfurt
C0094,Kristy Foster,35,Female,South Allison
C0095,James Brown,54,Male,Gibsonport
C0096,Melvin Bentley,28,Male,North Tara
C0097,Danielle Park,24,Female,West Jared
C0098,Dakota Jackson,56,Male,Austinfort
C0099,Richard Larson,48,Male,South Ryan
C0100,Gabriel Lambert,25,Male,South Briannaborough
C0101,Brandon Evans,36,Male,West Steveburgh
C0102,Cameron Barnes,32,Male,Lake Julia
C0103,Daniel Jones,24,Male,Lake Paulmouth
C0104,Jessica Watts,34,Male,Thomasshire
C0105,Taylor Bishop,61,Male,Michaelstad
C0106,Erin Solomon,46,Female,Kevinbury
C0107,Mallory Garcia,20,Female,Johnfort
C0108,Robin Bailey,53,Male,New Kaitlyn
C0109,Julie Glover,33,Male,Brianland
C0110,Kelsey Garcia,46,Male,New Evantown
C0111,April Smith,54,Male,Davidton
C0112,Mr. Kevin Ward III,41,Female,Williamshaven
C0113,Alison Carney,25,Male,Tylerport
C0114,Alexander Bryan,60,Male,Lake Barbara
C0115,Michael Ayala,48,Female,New Maurice
C0116,Cynthia Savage,27,Male,Lihaven
C0117,William Aguilar,29,Female,Brentport
C0118,Gabriel Rhodes,44,Female,Lake Dennis
C0119,Jeffrey Lindsey,35,Male,New Todd
C0120,Barry Jones,42,Male,New Abigail
C0121,Eric Young,45,Male,Port Codyburgh
C0122,Peter Torres,33,Female,Collinsborough
C0123,Ashley Henderson,21,Male,Port Meghan
C0124,Darren Tucker,45,Male,North Curtismouth
C0125,Andrew Peters,21,Female,Port Victoria
C0126,Samantha Morris,18,Male,Port Sarahville
C0127,Tyler Roberson,64,Female,South Blake
C0128,Bryce Smith,29,Male,Belindastad
C0129,Rachel Nichols,39,Male,Cantrellfurt
C0130,Gerald Dennis,60,Male,Edwardstad
C0131,Scott Cook,51,Female,Kaitlyntown
C0132,Alejandra Allen,35,Male,Port Jason
C0133,Alexis Roberts,19,Female,Port Jeremymouth
C0134,Larry Franklin,32,Male,Port Johntown
C0135,Christopher Barnett,38,Male,Johnsonport
C0136,Margaret Gutierrez,43,Female,Macktown
C0137,Tracy Robertson,56,Male,Brianbury
C0138,David Bauer,31,Male,Mcdonaldchester
C0139,Kathleen Norman,30,Female,Brittanybury
C0140,Heather Schultz,20,Female,Joshuaborough
C0141,Rhonda Cervantes,43,Male,Port Alexandria
C0142,Bruce Juarez,36,Male,Sharonstad
C0143,Rebecca Marks,32,Male,Francesberg
C0144,Rachel Chavez,55,Male,Port Annetteberg
C0145,Victoria Parker,60,Female,Williamsside
C0146,Sheryl Warner,27,Female,North Tracyberg
C0147,Carl Martinez,61,Male,East Jimmyburgh
C0148,Mary Garcia,26,Female,Dayport
C0149,Elizabeth Johnson,24,Male,New Sethton
C0150,Joe Vargas,20,Female,Bakermouth
C0151,Joseph Peterson,51,Male,Greenside
C0152,Carol Thomas,41,Male,Thompsonton
C0153,Elizabeth Harmon,43,Male,East Robertfort
C0154,Ebony Martin,31,Female,Davidview
C0155,Cheryl Nguyen,19,Male,Lake Soniafurt
C0156,Richard Fernandez,53,Male,North Shariberg
C0157,Antonio Stanton,38,Female,Markburgh
C0158,James Henderson,55,Female,Ellisonfort
C0159,Kathy Delacruz,47,Female,New Jerry
C0160,Joshua Tucker,23,Male,South Timothy
C0161,Kevin Hill,31,Male,Lake Carlostown
C0162,Jason Thomas,19,Female,Shannonport
C0163,Tony Gomez DDS,35,Female,North John
C0164,Scott Barr,30,Female,Marshport
C0165,Janet Pham DDS,60,Male,South Kathrynton
C0166,Ian Barnett,25,Male,Ariasville
C0167,Kim Collins,23,Female,Port Cynthia
C0168,Alec Sellers,32,Male,Burkeland
C0169,Robert Tran,62,Female,Alexandertown
C0170,Stacy Smith,62,Male,West Michelleborough
C0171,Toni Watts,35,Female,Williamton
C0172,Amanda Gomez,24,Male,Lake Scott
C0173,Victor Hamilton,32,Female,New John
C0174,Shawn Alvarez,50,Female,New Brendan
C0175,Andrew Fox,34,Female,East Stacyville
C0176,Cindy Hall,63,Female,Gregorymouth
C0177,Jeffrey Hill,46,Female,Reidchester
C0178,Donald Thomas,48,Female,Lozanoburgh
C0179,Tony Crawford,29,Male,Alexandriaview
C0180,John Rodriguez,32,Male,Gardnerchester
C0181,Willie Baldwin,56,Female,Codyfurt
C0182,Allison Taylor,59,Female,Leahburgh
C0183,Earl Martinez,45,Female,South Javier
C0184,Michael Potter,49,Female,North Paulside
C0185,Joshua Perez,24,Female,Laurenchester
C0186,Mr. Matthew Brown,59,Male,Shafferberg
C0187,Timothy Gonzalez,19,Female,Darrenborough
C0188,John Weaver,50,Female,Lake Travis
C0189,Cheyenne Thompson,30,Female,North Davidside
C0190,Tracy Buchanan,25,Male,Adamshire
C0191,Cynthia Daniels,39,Male,Garciafurt
C0192,Lisa Morgan,55,Male,Lake Brittney
C0193,Timothy Compton,49,Female,New Calebberg
C0194,Charles Sanchez,63,Male,Christyfort
C0195,Philip Burke,42,Female,South Jessicashire
C0196,Nancy Pierce,32,Male,East Ginaville
C0197,Justin Hughes,25,Female,Lake Roberto
C0198,Michelle Neal,33,Female,West Marcus
C0199,Heather Barry,26,Male,Fernandezborough
C0200,Ethan Jones,62,Male,South Carlos
C0201,Sierra Wallace,64,Female,East Reneeview
C0202,Laura Williams,57,Female,West Gregory
C0203,Kenneth Chaney,31,Male,North Christopherport
C0204,Tiffany Jimenez,22,Female,North Angela
C0205,Jennifer Garcia,27,Female,Stonefurt
C0206,Scott Erickson,18,Male,Shawnhaven
C0207,Jeffrey Williams,53,Male,Maysburgh
C0208,Brian Daugherty,27,Female,North Janetshire
C0209,Angela Reese,22,Female,New Sarah
C0210,Robert Pitts,50,Female,Zacharystad
C0211,Amber Turner,59,Female,Port Glennchester
C0212,Rachael Johnson,58,Male,Smithburgh
C0213,Danielle Kennedy,35,Female,Stephaniemouth
C0214,Jordan Morris,61,Female,Port Parkerchester
C0215,Jared Bass,50,Female,West Cathymouth
C0216,Charles Goodwin,20,Female,New Elizabethfort
C0217,Billy Ramsey,31,Female,New Briantown
C0218,Chase Morales,22,Male,New Seanshire
C0219,Bradley Thompson,58,Male,Bondside
C0220,Marcus Jones,49,Female,Williamton
C0221,Jared Mann,22,Male,Browningview
C0222,Mr. John Harris PhD,62,Female,Lake Aaron
C0223,Manuel Berry,58,Male,Codymouth
C0224,Samuel Hartman DVM,54,Female,West Wendyshire
C0225,Alexandra Johnson DVM,23,Female,West Charles
C0226,Jose Scott,46,Male,East Jamesside
C0227,Nicholas Snyder,28,Female,Port William
C0228,Shelby Castaneda,36,Male,Caitlinview
C0229,Robin King,23,Male,South Amy
C0230,Amanda Davis,55,Female,Williamport
C0231,Stephen Yu,62,Male,Fischerport
C0232,Austin Miller,22,Female,Benjaminstad
C0233,Jeremy Martinez,51,Female,Port Colin
C0234,Amber Walker,43,Female,Edgarberg
C0235,Vanessa Finley,35,Male,Julianburgh
C0236,Maureen Sandoval,48,Male,Fergusonchester
C0237,Angie Adkins,27,Male,Marshallville
C0238,Dr. Diana Jimenez,28,Female,North Matthewbury
C0239,Jesus May,54,Female,Riveraview
C0240,Renee Holmes,60,Male,Christopherview
C0241,Max Myers,21,Male,Kyleside
C0242,Steven Davis,39,Female,Port Kevin
C0243,Edward Ruiz,64,Female,Carterbury
C0244,Kyle Duffy,20,Female,Port Amandaside
C0245,Ruth Griffith,45,Male,East Shirleyland
C0246,Heather Collins,52,Male,Wilcoxmouth
C0247,David Morgan,25,Male,East Jose
C0248,David Colon,59,Female,Port Janicefurt
C0249,Joanne Hubbard,31,Female,Williamsonfurt
C0250,Kyle Bauer,29,Male,Deannafurt
C0251,Erika Roach,52,Male,Kelseyville
C0252,Brian Gay,25,Female,Troyside
C0253,Katie Ramos,57,Male,West Cherylville
C0254,David Pugh,32,Female,Edwardbury
C0255,Jacqueline Wright,25,Female,Lake Timothyton
C0256,Clifford Rodriguez,44,Female,Harrismouth
C0257,David Valdez,57,Female,West Angela
C0258,Linda Ritter,25,Female,Cruzport
C0259,Donna Lopez,36,Male,Nelsonhaven
C0260,Dr. Daniel Mckee,36,Female,North Williamville
C0261,Angela Jones,52,Female,New Lindsey
C0262,Cathy Moses,19,Male,Lake Eugeneshire
C0263,Pamela Vargas,21,Female,Henryborough
C0264,Kristie Fletcher,19,Female,Steventown
C0265,Matthew Sullivan,47,Female,New Jenniferstad
C0266,Ian Richardson,44,Female,Randyton
C0267,Kevin Rasmussen,45,Female,Jenniferville
C0268,Gloria Hays,26,Male,Foxport
C0269,Francisco Meyers,46,Female,Jessicaton
C0270,Anthony Thompson,53,Male,Conradshire
C0271,David Marsh,44,Female,South Patriciafort
C0272,Christopher Stokes,23,Male,Jasonview
C0273,Darrell Fisher,59,Male,Port Normanmouth
C0274,Desiree Villarreal,64,Female,Port Danielburgh
C0275,Kathryn Gray,26,Male,Washingtonhaven
C0276,Russell Cook,62,Female,Carloshaven
C0277,Matthew Doyle,43,Male,Dominicborough
C0278,John Scott,23,Female,New Andrealand
C0279,Timothy Melton,32,Female,Port Tyroneville
C0280,David Martinez,64,Male,North Tricia
C0281,Patricia Cox,36,Female,Port Jamesfort
C0282,Kurt George,58,Female,Natalieview
C0283,Jeremy Douglas,40,Male,Lake Wesleyburgh
C0284,Jessica Horn,34,Female,West Russell
C0285,Jonathan Bailey,61,Female,Lake Eduardomouth
C0286,Erin Haas,62,Male,East Ryanfurt
C0287,Lauren Jackson,54,Female,West Julie
C0288,Tanya House,56,Male,Evanschester
C0289,Jeremy Rojas,28,Female,East Natasha
C0290,Jacqueline Martin,41,Female,Port Jacobland
C0291,Kevin Norton,53,Male,Grantchester
C0292,Larry Haley,37,Female,Lake Jessicaburgh
C0293,Steven Quinn,28,Male,East Meganstad
C0294,Mrs. Emily Mays,57,Male,Linport
C0295,Cynthia Edwards,31,Female,East Michelle
C0296,Kimberly Miller,36,Male,North Michael
C0297,Johnny Bruce,27,Female,Lake Mark
C0298,Jordan Brewer,43,Male,Harrisonburgh
C0299,Misty Haas,35,Male,North Erichaven
C0300,James Johnson,21,Female,New Nicolashaven
C0301,Leslie Soto,44,Male,Osbornestad
C0302,Brian Bell,57,Male,Leonchester
C0303,Steven Miller,36,Male,New Kathleen
C0304,Joseph Schmidt,32,Female,North Katherineville
C0305,Jacob Becker,22,Male,East William
C0306,Nicholas Schwartz,21,Female,East Carl
C0307,Thomas Gutierrez,46,Male,New Rachel
C0308,Eric Pennington,58,Male,Bartonshire
C0309,Mr. David Baker,58,Female,Williamport
C0310,Kathy Figueroa,64,Male,Rodriguezchester
C0311,Shannon Garcia,49,Female,Johnfurt
C0312,Kathy Brooks,28,Female,Port Jasonside
C0313,Christine Wilkinson,49,Female,East Amandaport
C0314,Ashley Carson,60,Female,New Gail
C0315,Dr. Audrey Delgado,39,Male,Lake Dale
C0316,Bradley Vega,52,Male,Port Kristinabury
C0317,Christine Reynolds,64,Male,Loveside
C0318,Corey Perez,28,Female,New Kathrynview
C0319,Sarah Carrillo,29,Female,Dominicville
C0320,Savannah Cook,39,Female,South Nathanview
C0321,Andrea Weeks,58,Female,Kristaborough
C0322,James Murphy,54,Male,Martinezburgh
C0323,Dawn Ibarra,60,Female,North Anthonyborough
C0324,Travis Bartlett,48,Female,Bruceton
C0325,Joshua Morgan,40,Male,East Edwardchester
C0326,Craig Copeland,39,Male,Brittneyport
C0327,Carla Butler,33,Male,Lake Jessicastad
C0328,Christopher Gross,61,Female,Lake Ryan
C0329,Amber Moore,45,Female,Johnsonchester
C0330,Jennifer Scott,51,Female,South Deborahfort
C0331,Kenneth Gill,22,Male,Amberton
C0332,Barbara Nelson,30,Female,North Richardborough
C0333,Gail Nguyen,46,Male,Danielshaven
C0334,Joshua Murphy,20,Female,New Raymond
C0335,Laura Berry,39,Male,Daltonshire
C0336,Rachel Johnson,60,Male,Julieview
C0337,Kathy Turner,49,Male,Petersside
C0338,Vanessa Rangel,20,Female,North Micheal
C0339,Mary Martin,50,Female,Port Kellyton
C0340,Aaron Thompson,50,Male,New Jennifer
C0341,James Jenkins,33,Female,Matthewburgh
C0342,April Kennedy,55,Female,West Sean
C0343,Lawrence Rodriguez,39,Male,Anthonyview
C0344,Blake Bass,24,Male,Williamsstad
C0345,Larry Hayes,41,Female,Whiteview
C0346,Susan Dawson,63,Male,West Alexa
C0347,Jessica Pham,45,Male,Ayersborough
C0348,Daniel Wallace,20,Female,West Tracy
C0349,Bernard Carr,26,Female,Tracyburgh
C0350,George Cook,56,Female,Gilesview
C0351,Justin Newman,44,Female,Clarkland
C0352,David Harrington,23,Female,Cassieview
C0353,Ashley Myers,56,Female,Sharonport
C0354,Julie Hoover,57,Female,North Sydney
C0355,Melinda Allen,45,Male,South Michael
C0356,Kenneth Rivera,52,Female,Robinsonfort
C0357,Rick Moore,53,Female,South Thomasville
C0358,Christy Holloway,26,Female,Lake Cassandraville
C0359,Regina Simpson,57,Male,Taylorstad
C0360,Lauren Patel,52,Male,Martintown
C0361,Justin Johnson,40,Female,Riversborough
C0362,Michael Ramos,51,Male,North Joanna
C0363,Tanya Maynard,19,Female,East Williamtown
C0364,Elizabeth Dixon,40,Male,South Steve
C0365,Sean Glenn,60,Female,Sandraberg
C0366,Jessica Kelly,33,Male,North Lori
C0367,Cheryl Franklin,60,Female,East Taylorville
C0368,Dean Cook,38,Male,Lewisside
C0369,Mary Stewart,27,Female,Ryanbury
C0370,Natalie Klein,46,Male,South Richardstad
C0371,Jessica Ward,33,Female,West Jamesview
C0372,Michael Daugherty,36,Female,Juliahaven
C0373,Christopher Wallace,64,Male,Port Mckenzie
C0374,Anthony Cardenas,37,Female,New Natalie
C0375,Elizabeth Hill,37,Female,South Melissaberg
C0376,Laura Saunders,32,Female,Port Jeffreyfort
C0377,Ryan Barnett,38,Male,Guzmanbury
C0378,Crystal Nelson,64,Female,Penaland
C0379,Jeffrey Lamb,45,Female,North Andrewfurt
C0380,Monica Patel,24,Male,East Nicole
C0381,John Edwards,24,Male,Williamsmouth
C0382,Rhonda Fleming,43,Male,East Meghan
C0383,Christopher Simon,62,Male,New Michaelberg
C0384,Christopher Castillo,41,Male,North Juliaview
C0385,Daniel Fletcher,52,Female,East Nancyfurt
C0386,Amy Summers,35,Female,Jacksonfort
C0387,Benjamin Miller,35,Male,East Kristinshire
C0388,Troy Stewart,63,Male,Matthewberg
C0389,Matthew Dean,41,Female,New Bonnie
C0390,Gordon Valdez,34,Female,Cathyberg
C0391,Peter Cisneros,44,Female,Gordonville
C0392,Ashley Ortiz,28,Female,Guerreroburgh
C0393,Brenda Barry,20,Female,North Tiffanymouth
C0394,Linda Williams,47,Female,Smithhaven
C0395,Michael Davenport,29,Female,Dannymouth
C0396,Jessica Figueroa,50,Male,West Daniel
C0397,Andrew Rowe,64,Female,Mannville
C0398,Mathew Wilson,48,Female,Frankhaven
C0399,Tricia Williams,23,Male,North Michaelmouth
C0400,Natalie Mendez,33,Male,Alisonburgh
C0401,Amber Anderson,64,Female,Barrshire
C0402,Richard Jenkins,24,Male,New Michellestad
C0403,Johnny Perez,52,Male,Englishview
C0404,Steven Lewis,23,Male,Clarkmouth
C0405,Shannon Lane,53,Male,North Marissaberg
C0406,Mr. Christopher Moreno,38,Female,New Jacquelinemouth
C0407,James Diaz,43,Male,North Suzanneport
C0408,Dwayne Simmons,49,Female,Kayleeview
C0409,Gregg Lawson,34,Male,Lake Matthewmouth
C0410,Albert Warren,44,Female,East Christopher
C0411,Melissa White,20,Female,Ginaside
C0412,Elizabeth Garcia,46,Female,Port Tracy
C0413,Anthony Adams,31,Female,East Andrewstad
C0414,Todd Simpson,48,Male,Port Mark
C0415,Anna Morales,37,Female,East Anneshire
C0416,Kevin Doyle,41,Male,Lewischester
C0417,Christine Carroll,30,Female,North Matthewton
C0418,Allen Green,27,Female,Lake Tristan
C0419,Debbie Mccoy,37,Male,North Markside
C0420,Susan Vasquez,63,Male,Rachelmouth
C0421,Bailey Keith,54,Male,Melissaburgh
C0422,Rebecca Williams,37,Female,East Lisaberg
C0423,Dale Pena,60,Male,East Derek
C0424,Kimberly Jones,55,Male,West Brett
C0425,Lori Hernandez,59,Male,Gallagherchester
C0426,Adam Sanchez,19,Female,Port Michael
C0427,Mrs. Sarah Henry,35,Male,New Jonathan
C0428,Christopher Stout,51,Male,Jonesmouth
C0429,Michelle May,19,Male,Dawnview
C0430,Thomas Davis,25,Male,Lake Melissafort
C0431,Jennifer Cohen,27,Female,South Dale
C0432,Johnathan Kent,39,Male,Morrisville
C0433,Rachel Reese,46,Male,South Stephanie
C0434,Barbara Arroyo,53,Female,East Michaelchester
C0435,Monica Vargas,58,Male,Stephenshire
C0436,Bryan Rodriguez,49,Male,Port Jacquelineberg
C0437,Karen Rogers,49,Male,Lake Ruben
C0438,Ashlee Moore,42,Male,New James
C0439,Tracy Reese,48,Female,Lake Alicia
C0440,David Chavez,45,Male,Patelshire
C0441,Sheryl Martin,36,Female,Willisfort
C0442,Brad Waters,44,Male,Port Alejandro
C0443,James Reed,21,Male,Kimland
C0444,Jeremy Howard MD,39,Female,New Thomas
C0445,Raven Briggs,32,Female,Richardland
C0446,Jesus Bush,42,Male,North Brandonport
C0447,Alexis Hartman,56,Male,West Brandy
C0448,Austin Melton,45,Female,Robertport
C0449,Sean Shelton,64,Male,North Chadville
C0450,Thomas Mckinney,33,Male,East Jamesmouth
C0451,Karl Fleming,52,Male,South Jamesport
C0452,Mary Wright,38,Female,North Jenniferfort
C0453,Joseph Lee,23,Female,North Kevinshire
C0454,Richard Williamson,18,Male,Andrewshire
C0455,Sharon Kim,60,Female,Thorntonland
C0456,Brittany Jones,48,Male,East Mark
C0457,Andrew Thomas,51,Female,North Cynthia
C0458,Erica Hernandez,43,Male,New Victoriahaven
C0459,Rebecca Braun MD,33,Male,Garyton
C0460,Mr. Robert Wilson,51,Male,East Christopher
C0461,Jacqueline Hernandez,46,Female,Lindseyport
C0462,Phillip Lopez,46,Female,Luismouth
C0463,Mrs. Bridget Henderson,31,Male,Port Chad
C0464,Emma Jones,23,Female,Lake Lynnborough
C0465,Robert Roberts,64,Female,Goodwinborough
C0466,Donald Anderson,19,Female,New Michelle
C0467,Brittany Elliott DDS,64,Male,Ballfurt
C0468,Patricia Adams,64,Female,Krystalshire
C0469,Michael Taylor,32,Female,Lake Frank
C0470,Nathan Murphy,24,Female,Goodwinborough
C0471,Mr. Kevin Jenkins Jr.,48,Female,North Jennifer
C0472,Ashley Carson,27,Male,Lake Courtneyside
C0473,Mark Nguyen,46,Male,North Stephenborough
C0474,Jordan Williams,35,Female,West David
C0475,John Raymond,54,Male,Rhodesfort
C0476,Bradley Eaton,28,Female,Stevenberg
C0477,Michael Obrien,39,Male,Joannaport
C0478,Michael Wilson,18,Male,Samanthatown
C0479,Deborah Murray,56,Male,Joshualand
C0480,Dakota Johnson,59,Female,Julieton
C0481,Jeremy Richardson,27,Female,Jenniferport
C0482,Christy Fuller,29,Female,Camposberg
C0483,Kathy Robinson,44,Male,South Gabriela
C0484,Gregory Dyer,26,Female,New Alexander
C0485,Darrell Walton,44,Male,Adamsview
C0486,Jill Torres,49,Female,Nelsonside
C0487,Daniel Walker,31,Male,Jamesbury
C0488,Robert Lowe,62,Male,Gomezborough
C0489,Danielle Jimenez DVM,56,Male,East Ericmouth
C0490,Mrs. Amy Turner,24,Male,Kaylafurt
C0491,Larry Kaufman,39,Male,Timothymouth
C0492,Jessica Cruz,51,Male,South Derek
C0493,Wesley Martinez,44,Female,Matthewsfurt
C0494,James Sims,18,Female,Cohenfort
C0495,Robert Hamilton,43,Male,East Danielland
C0496,Terry Lee,39,Male,Lawrenceshire
C0497,Tiffany Hart,61,Male,Port Andrew
C0498,Miguel Smith,37,Female,Lake Melvin
C0499,Alison Keller,31,Male,New Sandra
C0500,Jeffrey Reeves,51,Female,South Amyfort
